,Fund_Name,Department_Name,Object_Name,Adopted_Budget,Fiscal_Year
180,6100 CATS Operating,41 Charlotte Area Transit System,510100 Salaries & Wages - Regular,5434415,2021
181,6100 CATS Operating,41 Charlotte Area Transit System,510100 Salaries & Wages - Regular,5070503,2021
182,6100 CATS Operating,41 Charlotte Area Transit System,510100 Salaries & Wages - Regular,4188542,2021
183,6100 CATS Operating,41 Charlotte Area Transit System,510100 Salaries & Wages - Regular,3094687,2021
184,6100 CATS Operating,41 Charlotte Area Transit System,510100 Salaries & Wages - Regular,2176962,2021
185,6100 CATS Operating,41 Charlotte Area Transit System,510100 Salaries & Wages - Regular,1866528,2021
186,6100 CATS Operating,41 Charlotte Area Transit System,510100 Salaries & Wages - Regular,1792230,2021
187,6100 CATS Operating,41 Charlotte Area Transit System,510100 Salaries & Wages - Regular,1516859,2021
188,6100 CATS Operating,41 Charlotte Area Transit System,510100 Salaries & Wages - Regular,1261884,2021
189,6100 CATS Operating,41 Charlotte Area Transit System,510100 Salaries & Wages - Regular,1120393,2021
190,6100 CATS Operating,41 Charlotte Area Transit System,510100 Salaries & Wages - Regular,910210,2021
191,6100 CATS Operating,41 Charlotte Area Transit System,510100 Salaries & Wages - Regular,881922,2021
192,6100 CATS Operating,41 Charlotte Area Transit System,510100 Salaries & Wages - Regular,811292,2021
193,6100 CATS Operating,41 Charlotte Area Transit System,510100 Salaries & Wages - Regular,754523,2021
194,6100 CATS Operating,41 Charlotte Area Transit System,510100 Salaries & Wages - Regular,709826,2021
195,6100 CATS Operating,41 Charlotte Area Transit System,510100 Salaries & Wages - Regular,498135,2021
196,6100 CATS Operating,41 Charlotte Area Transit System,510100 Salaries & Wages - Regular,351729,2021
197,6100 CATS Operating,41 Charlotte Area Transit System,510100 Salaries & Wages - Regular,316039,2021
198,6100 CATS Operating,41 Charlotte Area Transit System,510100 Salaries & Wages - Regular,315615,2021
199,6100 CATS Operating,41 Charlotte Area Transit System,510100 Salaries & Wages - Regular,182440,2021
327,6100 CATS Operating,41 Charlotte Area Transit System,510110 Admin & Clerical Salaries,886044,2021
328,6100 CATS Operating,41 Charlotte Area Transit System,510120 Transp - Wages & Salaries,26223627,2021
329,6100 CATS Operating,41 Charlotte Area Transit System,510130 Maint - Wages & Salaries,8493697,2021
330,6100 CATS Operating,41 Charlotte Area Transit System,510130 Maint - Wages & Salaries,449361,2021
356,6100 CATS Operating,41 Charlotte Area Transit System,510140 Overtime,2896500,2021
357,6100 CATS Operating,41 Charlotte Area Transit System,510140 Overtime,579300,2021
358,6100 CATS Operating,41 Charlotte Area Transit System,510140 Overtime,525000,2021
359,6100 CATS Operating,41 Charlotte Area Transit System,510140 Overtime,366000,2021
360,6100 CATS Operating,41 Charlotte Area Transit System,510140 Overtime,146400,2021
361,6100 CATS Operating,41 Charlotte Area Transit System,510140 Overtime,109800,2021
362,6100 CATS Operating,41 Charlotte Area Transit System,510140 Overtime,75000,2021
363,6100 CATS Operating,41 Charlotte Area Transit System,510140 Overtime,37000,2021
364,6100 CATS Operating,41 Charlotte Area Transit System,510140 Overtime,24156,2021
365,6100 CATS Operating,41 Charlotte Area Transit System,510140 Overtime,20000,2021
366,6100 CATS Operating,41 Charlotte Area Transit System,510140 Overtime,18000,2021
367,6100 CATS Operating,41 Charlotte Area Transit System,510140 Overtime,8000,2021
368,6100 CATS Operating,41 Charlotte Area Transit System,510140 Overtime,6000,2021
369,6100 CATS Operating,41 Charlotte Area Transit System,510140 Overtime,4000,2021
370,6100 CATS Operating,41 Charlotte Area Transit System,510140 Overtime,2500,2021
371,6100 CATS Operating,41 Charlotte Area Transit System,510140 Overtime,2500,2021
372,6100 CATS Operating,41 Charlotte Area Transit System,510140 Overtime,2000,2021
373,6100 CATS Operating,41 Charlotte Area Transit System,510140 Overtime,1500,2021
374,6100 CATS Operating,41 Charlotte Area Transit System,510140 Overtime,1000,2021
685,6100 CATS Operating,41 Charlotte Area Transit System,510195 Employee Merit Pay,903890,2021
686,6100 CATS Operating,41 Charlotte Area Transit System,510195 Employee Merit Pay,287720,2021
687,6100 CATS Operating,41 Charlotte Area Transit System,510195 Employee Merit Pay,163032,2021
688,6100 CATS Operating,41 Charlotte Area Transit System,510195 Employee Merit Pay,152115,2021
689,6100 CATS Operating,41 Charlotte Area Transit System,510195 Employee Merit Pay,125656,2021
690,6100 CATS Operating,41 Charlotte Area Transit System,510195 Employee Merit Pay,92841,2021
691,6100 CATS Operating,41 Charlotte Area Transit System,510195 Employee Merit Pay,65309,2021
692,6100 CATS Operating,41 Charlotte Area Transit System,510195 Employee Merit Pay,55996,2021
693,6100 CATS Operating,41 Charlotte Area Transit System,510195 Employee Merit Pay,53767,2021
694,6100 CATS Operating,41 Charlotte Area Transit System,510195 Employee Merit Pay,45506,2021
695,6100 CATS Operating,41 Charlotte Area Transit System,510195 Employee Merit Pay,37857,2021
696,6100 CATS Operating,41 Charlotte Area Transit System,510195 Employee Merit Pay,33612,2021
697,6100 CATS Operating,41 Charlotte Area Transit System,510195 Employee Merit Pay,27306,2021
698,6100 CATS Operating,41 Charlotte Area Transit System,510195 Employee Merit Pay,26581,2021
699,6100 CATS Operating,41 Charlotte Area Transit System,510195 Employee Merit Pay,26458,2021
700,6100 CATS Operating,41 Charlotte Area Transit System,510195 Employee Merit Pay,24339,2021
701,6100 CATS Operating,41 Charlotte Area Transit System,510195 Employee Merit Pay,22636,2021
702,6100 CATS Operating,41 Charlotte Area Transit System,510195 Employee Merit Pay,21295,2021
703,6100 CATS Operating,41 Charlotte Area Transit System,510195 Employee Merit Pay,15687,2021
704,6100 CATS Operating,41 Charlotte Area Transit System,510195 Employee Merit Pay,14944,2021
705,6100 CATS Operating,41 Charlotte Area Transit System,510195 Employee Merit Pay,10552,2021
706,6100 CATS Operating,41 Charlotte Area Transit System,510195 Employee Merit Pay,9481,2021
707,6100 CATS Operating,41 Charlotte Area Transit System,510195 Employee Merit Pay,9468,2021
708,6100 CATS Operating,41 Charlotte Area Transit System,510195 Employee Merit Pay,5473,2021
836,6100 CATS Operating,41 Charlotte Area Transit System,515100 BOD Sick Leave,985308,2021
837,6100 CATS Operating,41 Charlotte Area Transit System,515100 BOD Sick Leave,239760,2021
838,6100 CATS Operating,41 Charlotte Area Transit System,515100 BOD Sick Leave,27726,2021
839,6100 CATS Operating,41 Charlotte Area Transit System,515110 BOD Holiday Pay,1167648,2021
840,6100 CATS Operating,41 Charlotte Area Transit System,515110 BOD Holiday Pay,375930,2021
841,6100 CATS Operating,41 Charlotte Area Transit System,515110 BOD Holiday Pay,19141,2021
848,6100 CATS Operating,41 Charlotte Area Transit System,515120 BOD Vacation Pay,1817914,2021
849,6100 CATS Operating,41 Charlotte Area Transit System,515120 BOD Vacation Pay,481289,2021
850,6100 CATS Operating,41 Charlotte Area Transit System,515120 BOD Vacation Pay,26685,2021
1026,6100 CATS Operating,41 Charlotte Area Transit System,515130 Social Security Tax,2374068,2021
1027,6100 CATS Operating,41 Charlotte Area Transit System,515130 Social Security Tax,755697,2021
1028,6100 CATS Operating,41 Charlotte Area Transit System,515130 Social Security Tax,415733,2021
1029,6100 CATS Operating,41 Charlotte Area Transit System,515130 Social Security Tax,387894,2021
1030,6100 CATS Operating,41 Charlotte Area Transit System,515130 Social Security Tax,320426,2021
1031,6100 CATS Operating,41 Charlotte Area Transit System,515130 Social Security Tax,236742,2021
1032,6100 CATS Operating,41 Charlotte Area Transit System,515130 Social Security Tax,166538,2021
1033,6100 CATS Operating,41 Charlotte Area Transit System,515130 Social Security Tax,142789,2021
1034,6100 CATS Operating,41 Charlotte Area Transit System,515130 Social Security Tax,137106,2021
1035,6100 CATS Operating,41 Charlotte Area Transit System,515130 Social Security Tax,116040,2021
1036,6100 CATS Operating,41 Charlotte Area Transit System,515130 Social Security Tax,96534,2021
1037,6100 CATS Operating,41 Charlotte Area Transit System,515130 Social Security Tax,85710,2021
1038,6100 CATS Operating,41 Charlotte Area Transit System,515130 Social Security Tax,69816,2021
1039,6100 CATS Operating,41 Charlotte Area Transit System,515130 Social Security Tax,69631,2021
1040,6100 CATS Operating,41 Charlotte Area Transit System,515130 Social Security Tax,67467,2021
1041,6100 CATS Operating,41 Charlotte Area Transit System,515130 Social Security Tax,62064,2021
1042,6100 CATS Operating,41 Charlotte Area Transit System,515130 Social Security Tax,57721,2021
1043,6100 CATS Operating,41 Charlotte Area Transit System,515130 Social Security Tax,54302,2021
1044,6100 CATS Operating,41 Charlotte Area Transit System,515130 Social Security Tax,41203,2021
1045,6100 CATS Operating,41 Charlotte Area Transit System,515130 Social Security Tax,38107,2021
1046,6100 CATS Operating,41 Charlotte Area Transit System,515130 Social Security Tax,26907,2021
1047,6100 CATS Operating,41 Charlotte Area Transit System,515130 Social Security Tax,24177,2021
1048,6100 CATS Operating,41 Charlotte Area Transit System,515130 Social Security Tax,24145,2021
1049,6100 CATS Operating,41 Charlotte Area Transit System,515130 Social Security Tax,13957,2021
1351,6100 CATS Operating,41 Charlotte Area Transit System,515140 Empl Retirement Expns,3724028,2021
1352,6100 CATS Operating,41 Charlotte Area Transit System,515140 Empl Retirement Expns,1185408,2021
1353,6100 CATS Operating,41 Charlotte Area Transit System,515140 Empl Retirement Expns,551593,2021
1354,6100 CATS Operating,41 Charlotte Area Transit System,515140 Empl Retirement Expns,514656,2021
1355,6100 CATS Operating,41 Charlotte Area Transit System,515140 Empl Retirement Expns,425137,2021
1356,6100 CATS Operating,41 Charlotte Area Transit System,515140 Empl Retirement Expns,314111,2021
1357,6100 CATS Operating,41 Charlotte Area Transit System,515140 Empl Retirement Expns,220962,2021
1358,6100 CATS Operating,41 Charlotte Area Transit System,515140 Empl Retirement Expns,188720,2021
1359,6100 CATS Operating,41 Charlotte Area Transit System,515140 Empl Retirement Expns,181911,2021
1360,6100 CATS Operating,41 Charlotte Area Transit System,515140 Empl Retirement Expns,153961,2021
1361,6100 CATS Operating,41 Charlotte Area Transit System,515140 Empl Retirement Expns,127685,2021
1362,6100 CATS Operating,41 Charlotte Area Transit System,515140 Empl Retirement Expns,112637,2021
1363,6100 CATS Operating,41 Charlotte Area Transit System,515140 Empl Retirement Expns,109515,2021
1364,6100 CATS Operating,41 Charlotte Area Transit System,515140 Empl Retirement Expns,92015,2021
1365,6100 CATS Operating,41 Charlotte Area Transit System,515140 Empl Retirement Expns,89515,2021
1366,6100 CATS Operating,41 Charlotte Area Transit System,515140 Empl Retirement Expns,82143,2021
1367,6100 CATS Operating,41 Charlotte Area Transit System,515140 Empl Retirement Expns,76584,2021
1368,6100 CATS Operating,41 Charlotte Area Transit System,515140 Empl Retirement Expns,72047,2021
1369,6100 CATS Operating,41 Charlotte Area Transit System,515140 Empl Retirement Expns,64632,2021
1370,6100 CATS Operating,41 Charlotte Area Transit System,515140 Empl Retirement Expns,50290,2021
1371,6100 CATS Operating,41 Charlotte Area Transit System,515140 Empl Retirement Expns,35701,2021
1372,6100 CATS Operating,41 Charlotte Area Transit System,515140 Empl Retirement Expns,32078,2021
1373,6100 CATS Operating,41 Charlotte Area Transit System,515140 Empl Retirement Expns,32035,2021
1374,6100 CATS Operating,41 Charlotte Area Transit System,515140 Empl Retirement Expns,18518,2021
1678,6100 CATS Operating,41 Charlotte Area Transit System,515150 Empl Insurance Premium,1148742,2021
1679,6100 CATS Operating,41 Charlotte Area Transit System,515150 Empl Insurance Premium,757319,2021
1680,6100 CATS Operating,41 Charlotte Area Transit System,515150 Empl Insurance Premium,612662,2021
1681,6100 CATS Operating,41 Charlotte Area Transit System,515150 Empl Insurance Premium,402060,2021
1682,6100 CATS Operating,41 Charlotte Area Transit System,515150 Empl Insurance Premium,323350,2021
1683,6100 CATS Operating,41 Charlotte Area Transit System,515150 Empl Insurance Premium,187195,2021
1684,6100 CATS Operating,41 Charlotte Area Transit System,515150 Empl Insurance Premium,178693,2021
1685,6100 CATS Operating,41 Charlotte Area Transit System,515150 Empl Insurance Premium,170184,2021
1686,6100 CATS Operating,41 Charlotte Area Transit System,515150 Empl Insurance Premium,159739,2021
1687,6100 CATS Operating,41 Charlotte Area Transit System,515150 Empl Insurance Premium,155357,2021
1688,6100 CATS Operating,41 Charlotte Area Transit System,515150 Empl Insurance Premium,119129,2021
1689,6100 CATS Operating,41 Charlotte Area Transit System,515150 Empl Insurance Premium,106492,2021
1690,6100 CATS Operating,41 Charlotte Area Transit System,515150 Empl Insurance Premium,104556,2021
1691,6100 CATS Operating,41 Charlotte Area Transit System,515150 Empl Insurance Premium,104301,2021
1692,6100 CATS Operating,41 Charlotte Area Transit System,515150 Empl Insurance Premium,95792,2021
1693,6100 CATS Operating,41 Charlotte Area Transit System,515150 Empl Insurance Premium,93601,2021
1694,6100 CATS Operating,41 Charlotte Area Transit System,515150 Empl Insurance Premium,34037,2021
1695,6100 CATS Operating,41 Charlotte Area Transit System,515150 Empl Insurance Premium,34037,2021
1696,6100 CATS Operating,41 Charlotte Area Transit System,515150 Empl Insurance Premium,34037,2021
1697,6100 CATS Operating,41 Charlotte Area Transit System,515150 Empl Insurance Premium,17018,2021
1825,6100 CATS Operating,41 Charlotte Area Transit System,515155 BOD Insurance Premiums,5678564,2021
1826,6100 CATS Operating,41 Charlotte Area Transit System,515155 BOD Insurance Premiums,1509084,2021
1827,6100 CATS Operating,41 Charlotte Area Transit System,515155 BOD Insurance Premiums,118692,2021
1828,6100 CATS Operating,41 Charlotte Area Transit System,515155 BOD Insurance Premiums,76302,2021
1959,6100 CATS Operating,41 Charlotte Area Transit System,515160 Retiree Insurance Premium,101437,2021
1960,6100 CATS Operating,41 Charlotte Area Transit System,515160 Retiree Insurance Premium,79064,2021
1961,6100 CATS Operating,41 Charlotte Area Transit System,515160 Retiree Insurance Premium,59081,2021
1962,6100 CATS Operating,41 Charlotte Area Transit System,515160 Retiree Insurance Premium,45180,2021
1963,6100 CATS Operating,41 Charlotte Area Transit System,515160 Retiree Insurance Premium,27555,2021
1964,6100 CATS Operating,41 Charlotte Area Transit System,515160 Retiree Insurance Premium,16508,2021
1965,6100 CATS Operating,41 Charlotte Area Transit System,515160 Retiree Insurance Premium,16226,2021
1966,6100 CATS Operating,41 Charlotte Area Transit System,515160 Retiree Insurance Premium,13901,2021
1967,6100 CATS Operating,41 Charlotte Area Transit System,515160 Retiree Insurance Premium,13032,2021
1968,6100 CATS Operating,41 Charlotte Area Transit System,515160 Retiree Insurance Premium,12164,2021
1969,6100 CATS Operating,41 Charlotte Area Transit System,515160 Retiree Insurance Premium,12164,2021
1970,6100 CATS Operating,41 Charlotte Area Transit System,515160 Retiree Insurance Premium,12164,2021
1971,6100 CATS Operating,41 Charlotte Area Transit System,515160 Retiree Insurance Premium,10426,2021
1972,6100 CATS Operating,41 Charlotte Area Transit System,515160 Retiree Insurance Premium,9557,2021
1973,6100 CATS Operating,41 Charlotte Area Transit System,515160 Retiree Insurance Premium,6082,2021
1974,6100 CATS Operating,41 Charlotte Area Transit System,515160 Retiree Insurance Premium,5213,2021
1975,6100 CATS Operating,41 Charlotte Area Transit System,515160 Retiree Insurance Premium,3475,2021
1976,6100 CATS Operating,41 Charlotte Area Transit System,515160 Retiree Insurance Premium,1738,2021
1977,6100 CATS Operating,41 Charlotte Area Transit System,515160 Retiree Insurance Premium,1117,2021
1978,6100 CATS Operating,41 Charlotte Area Transit System,515160 Retiree Insurance Premium,869,2021
2104,6100 CATS Operating,41 Charlotte Area Transit System,515170 Empl Life Insu Premium,44748,2021
2105,6100 CATS Operating,41 Charlotte Area Transit System,515170 Empl Life Insu Premium,12816,2021
2106,6100 CATS Operating,41 Charlotte Area Transit System,515170 Empl Life Insu Premium,9658,2021
2107,6100 CATS Operating,41 Charlotte Area Transit System,515170 Empl Life Insu Premium,648,2021
2111,6100 CATS Operating,41 Charlotte Area Transit System,515180 Unemploymnt Comp Or Taxes,67579,2021
2112,6100 CATS Operating,41 Charlotte Area Transit System,515180 Unemploymnt Comp Or Taxes,19398,2021
2113,6100 CATS Operating,41 Charlotte Area Transit System,515180 Unemploymnt Comp Or Taxes,7786,2021
2114,6100 CATS Operating,41 Charlotte Area Transit System,515180 Unemploymnt Comp Or Taxes,1513,2021
2263,6100 CATS Operating,41 Charlotte Area Transit System,515190 401K Retirement,620671,2021
2264,6100 CATS Operating,41 Charlotte Area Transit System,515190 401K Retirement,197568,2021
2265,6100 CATS Operating,41 Charlotte Area Transit System,515190 401K Retirement,163032,2021
2266,6100 CATS Operating,41 Charlotte Area Transit System,515190 401K Retirement,152115,2021
2267,6100 CATS Operating,41 Charlotte Area Transit System,515190 401K Retirement,125656,2021
2268,6100 CATS Operating,41 Charlotte Area Transit System,515190 401K Retirement,92841,2021
2269,6100 CATS Operating,41 Charlotte Area Transit System,515190 401K Retirement,65309,2021
2270,6100 CATS Operating,41 Charlotte Area Transit System,515190 401K Retirement,55996,2021
2271,6100 CATS Operating,41 Charlotte Area Transit System,515190 401K Retirement,53767,2021
2272,6100 CATS Operating,41 Charlotte Area Transit System,515190 401K Retirement,45506,2021
2273,6100 CATS Operating,41 Charlotte Area Transit System,515190 401K Retirement,37857,2021
2274,6100 CATS Operating,41 Charlotte Area Transit System,515190 401K Retirement,33612,2021
2275,6100 CATS Operating,41 Charlotte Area Transit System,515190 401K Retirement,27306,2021
2276,6100 CATS Operating,41 Charlotte Area Transit System,515190 401K Retirement,26458,2021
2277,6100 CATS Operating,41 Charlotte Area Transit System,515190 401K Retirement,24339,2021
2278,6100 CATS Operating,41 Charlotte Area Transit System,515190 401K Retirement,22636,2021
2279,6100 CATS Operating,41 Charlotte Area Transit System,515190 401K Retirement,21295,2021
2280,6100 CATS Operating,41 Charlotte Area Transit System,515190 401K Retirement,18253,2021
2281,6100 CATS Operating,41 Charlotte Area Transit System,515190 401K Retirement,14944,2021
2282,6100 CATS Operating,41 Charlotte Area Transit System,515190 401K Retirement,10772,2021
2283,6100 CATS Operating,41 Charlotte Area Transit System,515190 401K Retirement,10552,2021
2284,6100 CATS Operating,41 Charlotte Area Transit System,515190 401K Retirement,9481,2021
2285,6100 CATS Operating,41 Charlotte Area Transit System,515190 401K Retirement,9468,2021
2286,6100 CATS Operating,41 Charlotte Area Transit System,515190 401K Retirement,5473,2021
2526,6100 CATS Operating,41 Charlotte Area Transit System,520010 Workers Compensation,1900000,2021
2537,6100 CATS Operating,41 Charlotte Area Transit System,520020 ISP Workmens Compensation,82176,2021
2538,6100 CATS Operating,41 Charlotte Area Transit System,520020 ISP Workmens Compensation,63090,2021
2539,6100 CATS Operating,41 Charlotte Area Transit System,520020 ISP Workmens Compensation,50472,2021
2540,6100 CATS Operating,41 Charlotte Area Transit System,520020 ISP Workmens Compensation,40378,2021
2541,6100 CATS Operating,41 Charlotte Area Transit System,520020 ISP Workmens Compensation,13249,2021
2542,6100 CATS Operating,41 Charlotte Area Transit System,520020 ISP Workmens Compensation,11988,2021
2543,6100 CATS Operating,41 Charlotte Area Transit System,520020 ISP Workmens Compensation,11356,2021
2544,6100 CATS Operating,41 Charlotte Area Transit System,520020 ISP Workmens Compensation,11356,2021
2545,6100 CATS Operating,41 Charlotte Area Transit System,520020 ISP Workmens Compensation,11356,2021
2546,6100 CATS Operating,41 Charlotte Area Transit System,520020 ISP Workmens Compensation,10094,2021
2547,6100 CATS Operating,41 Charlotte Area Transit System,520020 ISP Workmens Compensation,9464,2021
2548,6100 CATS Operating,41 Charlotte Area Transit System,520020 ISP Workmens Compensation,8833,2021
2549,6100 CATS Operating,41 Charlotte Area Transit System,520020 ISP Workmens Compensation,7571,2021
2550,6100 CATS Operating,41 Charlotte Area Transit System,520020 ISP Workmens Compensation,6940,2021
2551,6100 CATS Operating,41 Charlotte Area Transit System,520020 ISP Workmens Compensation,6940,2021
2552,6100 CATS Operating,41 Charlotte Area Transit System,520020 ISP Workmens Compensation,4416,2021
2553,6100 CATS Operating,41 Charlotte Area Transit System,520020 ISP Workmens Compensation,2524,2021
2554,6100 CATS Operating,41 Charlotte Area Transit System,520020 ISP Workmens Compensation,2524,2021
2555,6100 CATS Operating,41 Charlotte Area Transit System,520020 ISP Workmens Compensation,2524,2021
2556,6100 CATS Operating,41 Charlotte Area Transit System,520020 ISP Workmens Compensation,1261,2021
2557,6100 CATS Operating,41 Charlotte Area Transit System,520020 ISP Workmens Compensation,12,2021
2610,6100 CATS Operating,41 Charlotte Area Transit System,520030 Uniforms-Prot Clothing,222000,2021
2611,6100 CATS Operating,41 Charlotte Area Transit System,520030 Uniforms-Prot Clothing,78160,2021
2612,6100 CATS Operating,41 Charlotte Area Transit System,520030 Uniforms-Prot Clothing,41000,2021
2613,6100 CATS Operating,41 Charlotte Area Transit System,520030 Uniforms-Prot Clothing,40000,2021
2614,6100 CATS Operating,41 Charlotte Area Transit System,520030 Uniforms-Prot Clothing,30000,2021
2615,6100 CATS Operating,41 Charlotte Area Transit System,520030 Uniforms-Prot Clothing,25000,2021
2616,6100 CATS Operating,41 Charlotte Area Transit System,520030 Uniforms-Prot Clothing,10000,2021
2617,6100 CATS Operating,41 Charlotte Area Transit System,520030 Uniforms-Prot Clothing,9134,2021
2618,6100 CATS Operating,41 Charlotte Area Transit System,520030 Uniforms-Prot Clothing,8116,2021
2619,6100 CATS Operating,41 Charlotte Area Transit System,520030 Uniforms-Prot Clothing,5200,2021
2620,6100 CATS Operating,41 Charlotte Area Transit System,520030 Uniforms-Prot Clothing,2600,2021
2621,6100 CATS Operating,41 Charlotte Area Transit System,520030 Uniforms-Prot Clothing,2500,2021
2622,6100 CATS Operating,41 Charlotte Area Transit System,520030 Uniforms-Prot Clothing,1910,2021
2623,6100 CATS Operating,41 Charlotte Area Transit System,520030 Uniforms-Prot Clothing,1500,2021
2624,6100 CATS Operating,41 Charlotte Area Transit System,520030 Uniforms-Prot Clothing,365,2021
2722,6100 CATS Operating,41 Charlotte Area Transit System,520040 Rental of Uniforms,91000,2021
2723,6100 CATS Operating,41 Charlotte Area Transit System,520040 Rental of Uniforms,5235,2021
2775,6100 CATS Operating,41 Charlotte Area Transit System,520050 Auto & Othr Allowances,2700,2021
2776,6100 CATS Operating,41 Charlotte Area Transit System,520050 Auto & Othr Allowances,1800,2021
2777,6100 CATS Operating,41 Charlotte Area Transit System,520050 Auto & Othr Allowances,1750,2021
2778,6100 CATS Operating,41 Charlotte Area Transit System,520050 Auto & Othr Allowances,1500,2021
2779,6100 CATS Operating,41 Charlotte Area Transit System,520050 Auto & Othr Allowances,1500,2021
2780,6100 CATS Operating,41 Charlotte Area Transit System,520050 Auto & Othr Allowances,1100,2021
2781,6100 CATS Operating,41 Charlotte Area Transit System,520050 Auto & Othr Allowances,974,2021
2782,6100 CATS Operating,41 Charlotte Area Transit System,520050 Auto & Othr Allowances,955,2021
2783,6100 CATS Operating,41 Charlotte Area Transit System,520050 Auto & Othr Allowances,700,2021
2784,6100 CATS Operating,41 Charlotte Area Transit System,520050 Auto & Othr Allowances,700,2021
2785,6100 CATS Operating,41 Charlotte Area Transit System,520050 Auto & Othr Allowances,700,2021
2786,6100 CATS Operating,41 Charlotte Area Transit System,520050 Auto & Othr Allowances,500,2021
2787,6100 CATS Operating,41 Charlotte Area Transit System,520050 Auto & Othr Allowances,400,2021
2788,6100 CATS Operating,41 Charlotte Area Transit System,520050 Auto & Othr Allowances,300,2021
2789,6100 CATS Operating,41 Charlotte Area Transit System,520050 Auto & Othr Allowances,200,2021
2790,6100 CATS Operating,41 Charlotte Area Transit System,520050 Auto & Othr Allowances,120,2021
2791,6100 CATS Operating,41 Charlotte Area Transit System,520050 Auto & Othr Allowances,100,2021
2792,6100 CATS Operating,41 Charlotte Area Transit System,520050 Auto & Othr Allowances,50,2021
2927,6100 CATS Operating,41 Charlotte Area Transit System,520060 Meals and Subsistence,15000,2021
2928,6100 CATS Operating,41 Charlotte Area Transit System,520060 Meals and Subsistence,6580,2021
2929,6100 CATS Operating,41 Charlotte Area Transit System,520060 Meals and Subsistence,5395,2021
2930,6100 CATS Operating,41 Charlotte Area Transit System,520060 Meals and Subsistence,5000,2021
2931,6100 CATS Operating,41 Charlotte Area Transit System,520060 Meals and Subsistence,5000,2021
2932,6100 CATS Operating,41 Charlotte Area Transit System,520060 Meals and Subsistence,4000,2021
2933,6100 CATS Operating,41 Charlotte Area Transit System,520060 Meals and Subsistence,3400,2021
2934,6100 CATS Operating,41 Charlotte Area Transit System,520060 Meals and Subsistence,3200,2021
2935,6100 CATS Operating,41 Charlotte Area Transit System,520060 Meals and Subsistence,2300,2021
2936,6100 CATS Operating,41 Charlotte Area Transit System,520060 Meals and Subsistence,1860,2021
2937,6100 CATS Operating,41 Charlotte Area Transit System,520060 Meals and Subsistence,1500,2021
2938,6100 CATS Operating,41 Charlotte Area Transit System,520060 Meals and Subsistence,1200,2021
2939,6100 CATS Operating,41 Charlotte Area Transit System,520060 Meals and Subsistence,937,2021
2940,6100 CATS Operating,41 Charlotte Area Transit System,520060 Meals and Subsistence,777,2021
2941,6100 CATS Operating,41 Charlotte Area Transit System,520060 Meals and Subsistence,541,2021
2942,6100 CATS Operating,41 Charlotte Area Transit System,520060 Meals and Subsistence,300,2021
2943,6100 CATS Operating,41 Charlotte Area Transit System,520060 Meals and Subsistence,210,2021
3031,6100 CATS Operating,41 Charlotte Area Transit System,520100 Maintenance Materials & Suppli,50000,2021
3082,6100 CATS Operating,41 Charlotte Area Transit System,520110 ISP Fleet - M&R-Auto/Equipment,153544,2021
3083,6100 CATS Operating,41 Charlotte Area Transit System,520110 ISP Fleet - M&R-Auto/Equipment,137618,2021
3084,6100 CATS Operating,41 Charlotte Area Transit System,520110 ISP Fleet - M&R-Auto/Equipment,82639,2021
3085,6100 CATS Operating,41 Charlotte Area Transit System,520110 ISP Fleet - M&R-Auto/Equipment,64834,2021
3086,6100 CATS Operating,41 Charlotte Area Transit System,520110 ISP Fleet - M&R-Auto/Equipment,48053,2021
3087,6100 CATS Operating,41 Charlotte Area Transit System,520110 ISP Fleet - M&R-Auto/Equipment,28649,2021
3088,6100 CATS Operating,41 Charlotte Area Transit System,520110 ISP Fleet - M&R-Auto/Equipment,14034,2021
3089,6100 CATS Operating,41 Charlotte Area Transit System,520110 ISP Fleet - M&R-Auto/Equipment,12733,2021
3090,6100 CATS Operating,41 Charlotte Area Transit System,520110 ISP Fleet - M&R-Auto/Equipment,8124,2021
3091,6100 CATS Operating,41 Charlotte Area Transit System,520110 ISP Fleet - M&R-Auto/Equipment,7212,2021
3092,6100 CATS Operating,41 Charlotte Area Transit System,520110 ISP Fleet - M&R-Auto/Equipment,5611,2021
3093,6100 CATS Operating,41 Charlotte Area Transit System,520110 ISP Fleet - M&R-Auto/Equipment,4126,2021
3094,6100 CATS Operating,41 Charlotte Area Transit System,520110 ISP Fleet - M&R-Auto/Equipment,2931,2021
3095,6100 CATS Operating,41 Charlotte Area Transit System,520110 ISP Fleet - M&R-Auto/Equipment,644,2021
3184,6100 CATS Operating,41 Charlotte Area Transit System,520115 M&R-Auto/Equipment,35000,2021
3185,6100 CATS Operating,41 Charlotte Area Transit System,520115 M&R-Auto/Equipment,6000,2021
3186,6100 CATS Operating,41 Charlotte Area Transit System,520115 M&R-Auto/Equipment,1000,2021
3187,6100 CATS Operating,41 Charlotte Area Transit System,520115 M&R-Auto/Equipment,927,2021
3261,6100 CATS Operating,41 Charlotte Area Transit System,520120 M&R-Buildings,300000,2021
3345,6100 CATS Operating,41 Charlotte Area Transit System,520140 ISP M&R-Land & Water Areas,1038390,2021
3363,6100 CATS Operating,41 Charlotte Area Transit System,520150 M&R-Communication Eqpt,508233,2021
3378,6100 CATS Operating,41 Charlotte Area Transit System,520160 ISP M&R-Communication Eqp,225815,2021
3379,6100 CATS Operating,41 Charlotte Area Transit System,520160 ISP M&R-Communication Eqp,125035,2021
3380,6100 CATS Operating,41 Charlotte Area Transit System,520160 ISP M&R-Communication Eqp,81368,2021
3381,6100 CATS Operating,41 Charlotte Area Transit System,520160 ISP M&R-Communication Eqp,45273,2021
3382,6100 CATS Operating,41 Charlotte Area Transit System,520160 ISP M&R-Communication Eqp,7066,2021
3420,6100 CATS Operating,41 Charlotte Area Transit System,520190 M&R-Other,24569,2021
3421,6100 CATS Operating,41 Charlotte Area Transit System,520190 M&R-Other,2500,2021
3422,6100 CATS Operating,41 Charlotte Area Transit System,520190 M&R-Other,889,2021
3456,6100 CATS Operating,41 Charlotte Area Transit System,520210 Advertising,375100,2021
3457,6100 CATS Operating,41 Charlotte Area Transit System,520210 Advertising,4000,2021
3458,6100 CATS Operating,41 Charlotte Area Transit System,520210 Advertising,3000,2021
3459,6100 CATS Operating,41 Charlotte Area Transit System,520210 Advertising,2800,2021
3460,6100 CATS Operating,41 Charlotte Area Transit System,520210 Advertising,1500,2021
3461,6100 CATS Operating,41 Charlotte Area Transit System,520210 Advertising,700,2021
3462,6100 CATS Operating,41 Charlotte Area Transit System,520210 Advertising,263,2021
3463,6100 CATS Operating,41 Charlotte Area Transit System,520210 Advertising,200,2021
3533,6100 CATS Operating,41 Charlotte Area Transit System,520220 Prof & Technical Services,2360847,2021
3534,6100 CATS Operating,41 Charlotte Area Transit System,520220 Prof & Technical Services,432000,2021
3535,6100 CATS Operating,41 Charlotte Area Transit System,520220 Prof & Technical Services,330761,2021
3536,6100 CATS Operating,41 Charlotte Area Transit System,520220 Prof & Technical Services,243500,2021
3537,6100 CATS Operating,41 Charlotte Area Transit System,520220 Prof & Technical Services,187000,2021
3538,6100 CATS Operating,41 Charlotte Area Transit System,520220 Prof & Technical Services,113000,2021
3539,6100 CATS Operating,41 Charlotte Area Transit System,520220 Prof & Technical Services,30183,2021
3540,6100 CATS Operating,41 Charlotte Area Transit System,520220 Prof & Technical Services,15450,2021
3541,6100 CATS Operating,41 Charlotte Area Transit System,520220 Prof & Technical Services,10000,2021
3542,6100 CATS Operating,41 Charlotte Area Transit System,520220 Prof & Technical Services,6000,2021
3543,6100 CATS Operating,41 Charlotte Area Transit System,520220 Prof & Technical Services,500,2021
3572,6100 CATS Operating,41 Charlotte Area Transit System,520230 Pro Fee-Acctng&Audtng,145000,2021
3581,6100 CATS Operating,41 Charlotte Area Transit System,520240 Professional Fees - Legal,694506,2021
3582,6100 CATS Operating,41 Charlotte Area Transit System,520240 Professional Fees - Legal,100000,2021
3589,6100 CATS Operating,41 Charlotte Area Transit System,520250 Management Fees,671672,2021
3592,6100 CATS Operating,41 Charlotte Area Transit System,520260 Adjusters Fees,15500,2021
3598,6100 CATS Operating,41 Charlotte Area Transit System,520280 Temporary Help Fees,6500,2021
3619,6100 CATS Operating,41 Charlotte Area Transit System,520290 Contract Maint Services,2588720,2021
3620,6100 CATS Operating,41 Charlotte Area Transit System,520290 Contract Maint Services,839000,2021
3621,6100 CATS Operating,41 Charlotte Area Transit System,520290 Contract Maint Services,703106,2021
3622,6100 CATS Operating,41 Charlotte Area Transit System,520290 Contract Maint Services,537000,2021
3623,6100 CATS Operating,41 Charlotte Area Transit System,520290 Contract Maint Services,473500,2021
3624,6100 CATS Operating,41 Charlotte Area Transit System,520290 Contract Maint Services,367000,2021
3625,6100 CATS Operating,41 Charlotte Area Transit System,520290 Contract Maint Services,351331,2021
3626,6100 CATS Operating,41 Charlotte Area Transit System,520290 Contract Maint Services,238200,2021
3627,6100 CATS Operating,41 Charlotte Area Transit System,520290 Contract Maint Services,187000,2021
3628,6100 CATS Operating,41 Charlotte Area Transit System,520290 Contract Maint Services,170000,2021
3629,6100 CATS Operating,41 Charlotte Area Transit System,520290 Contract Maint Services,94900,2021
3630,6100 CATS Operating,41 Charlotte Area Transit System,520290 Contract Maint Services,70000,2021
3631,6100 CATS Operating,41 Charlotte Area Transit System,520290 Contract Maint Services,44490,2021
3632,6100 CATS Operating,41 Charlotte Area Transit System,520290 Contract Maint Services,25000,2021
3633,6100 CATS Operating,41 Charlotte Area Transit System,520290 Contract Maint Services,8000,2021
3634,6100 CATS Operating,41 Charlotte Area Transit System,520290 Contract Maint Services,4500,2021
3635,6100 CATS Operating,41 Charlotte Area Transit System,520290 Contract Maint Services,1000,2021
3636,6100 CATS Operating,41 Charlotte Area Transit System,520290 Contract Maint Services,200,2021
3867,6100 CATS Operating,41 Charlotte Area Transit System,520840 Payouts-Unins Pl/Pd Stlmt,100,2021
3915,6100 CATS Operating,41 Charlotte Area Transit System,521900 Fees - Other,454516,2021
3916,6100 CATS Operating,41 Charlotte Area Transit System,521900 Fees - Other,315000,2021
3917,6100 CATS Operating,41 Charlotte Area Transit System,521900 Fees - Other,225000,2021
3918,6100 CATS Operating,41 Charlotte Area Transit System,521900 Fees - Other,20000,2021
3919,6100 CATS Operating,41 Charlotte Area Transit System,521900 Fees - Other,18100,2021
3920,6100 CATS Operating,41 Charlotte Area Transit System,521900 Fees - Other,9000,2021
3921,6100 CATS Operating,41 Charlotte Area Transit System,521900 Fees - Other,6000,2021
3922,6100 CATS Operating,41 Charlotte Area Transit System,521900 Fees - Other,4911,2021
3923,6100 CATS Operating,41 Charlotte Area Transit System,521900 Fees - Other,4000,2021
3924,6100 CATS Operating,41 Charlotte Area Transit System,521900 Fees - Other,4000,2021
3925,6100 CATS Operating,41 Charlotte Area Transit System,521900 Fees - Other,3500,2021
3926,6100 CATS Operating,41 Charlotte Area Transit System,521900 Fees - Other,2000,2021
3927,6100 CATS Operating,41 Charlotte Area Transit System,521900 Fees - Other,1545,2021
3928,6100 CATS Operating,41 Charlotte Area Transit System,521900 Fees - Other,1000,2021
3929,6100 CATS Operating,41 Charlotte Area Transit System,521900 Fees - Other,924,2021
3930,6100 CATS Operating,41 Charlotte Area Transit System,521900 Fees - Other,184,2021
4148,6100 CATS Operating,41 Charlotte Area Transit System,521910 Misc Contractual Services,5890960,2021
4149,6100 CATS Operating,41 Charlotte Area Transit System,521910 Misc Contractual Services,1023944,2021
4150,6100 CATS Operating,41 Charlotte Area Transit System,521910 Misc Contractual Services,710900,2021
4151,6100 CATS Operating,41 Charlotte Area Transit System,521910 Misc Contractual Services,357000,2021
4152,6100 CATS Operating,41 Charlotte Area Transit System,521910 Misc Contractual Services,310000,2021
4153,6100 CATS Operating,41 Charlotte Area Transit System,521910 Misc Contractual Services,200000,2021
4154,6100 CATS Operating,41 Charlotte Area Transit System,521910 Misc Contractual Services,150000,2021
4155,6100 CATS Operating,41 Charlotte Area Transit System,521910 Misc Contractual Services,148000,2021
4156,6100 CATS Operating,41 Charlotte Area Transit System,521910 Misc Contractual Services,71828,2021
4157,6100 CATS Operating,41 Charlotte Area Transit System,521910 Misc Contractual Services,71500,2021
4158,6100 CATS Operating,41 Charlotte Area Transit System,521910 Misc Contractual Services,66837,2021
4159,6100 CATS Operating,41 Charlotte Area Transit System,521910 Misc Contractual Services,66000,2021
4160,6100 CATS Operating,41 Charlotte Area Transit System,521910 Misc Contractual Services,61201,2021
4161,6100 CATS Operating,41 Charlotte Area Transit System,521910 Misc Contractual Services,50000,2021
4162,6100 CATS Operating,41 Charlotte Area Transit System,521910 Misc Contractual Services,30000,2021
4163,6100 CATS Operating,41 Charlotte Area Transit System,521910 Misc Contractual Services,20000,2021
4164,6100 CATS Operating,41 Charlotte Area Transit System,521910 Misc Contractual Services,2700,2021
4165,6100 CATS Operating,41 Charlotte Area Transit System,521910 Misc Contractual Services,600,2021
4296,6100 CATS Operating,41 Charlotte Area Transit System,522000 Motor Fuels & Lubrcnts,5474522,2021
4297,6100 CATS Operating,41 Charlotte Area Transit System,522000 Motor Fuels & Lubrcnts,465334,2021
4298,6100 CATS Operating,41 Charlotte Area Transit System,522000 Motor Fuels & Lubrcnts,121000,2021
4299,6100 CATS Operating,41 Charlotte Area Transit System,522000 Motor Fuels & Lubrcnts,110000,2021
4300,6100 CATS Operating,41 Charlotte Area Transit System,522000 Motor Fuels & Lubrcnts,60000,2021
4301,6100 CATS Operating,41 Charlotte Area Transit System,522000 Motor Fuels & Lubrcnts,30000,2021
4302,6100 CATS Operating,41 Charlotte Area Transit System,522000 Motor Fuels & Lubrcnts,25000,2021
4303,6100 CATS Operating,41 Charlotte Area Transit System,522000 Motor Fuels & Lubrcnts,5500,2021
4304,6100 CATS Operating,41 Charlotte Area Transit System,522000 Motor Fuels & Lubrcnts,4500,2021
4305,6100 CATS Operating,41 Charlotte Area Transit System,522000 Motor Fuels & Lubrcnts,1109,2021
4306,6100 CATS Operating,41 Charlotte Area Transit System,522000 Motor Fuels & Lubrcnts,1100,2021
4307,6100 CATS Operating,41 Charlotte Area Transit System,522000 Motor Fuels & Lubrcnts,1050,2021
4308,6100 CATS Operating,41 Charlotte Area Transit System,522000 Motor Fuels & Lubrcnts,600,2021
4309,6100 CATS Operating,41 Charlotte Area Transit System,522000 Motor Fuels & Lubrcnts,600,2021
4310,6100 CATS Operating,41 Charlotte Area Transit System,522000 Motor Fuels & Lubrcnts,100,2021
4311,6100 CATS Operating,41 Charlotte Area Transit System,522000 Motor Fuels & Lubrcnts,100,2021
4375,6100 CATS Operating,41 Charlotte Area Transit System,522100 Tires And Tubes,900000,2021
4391,6100 CATS Operating,41 Charlotte Area Transit System,522200 Janitorial & Cleaning Supplies,335953,2021
4392,6100 CATS Operating,41 Charlotte Area Transit System,522200 Janitorial & Cleaning Supplies,265000,2021
4393,6100 CATS Operating,41 Charlotte Area Transit System,522200 Janitorial & Cleaning Supplies,45000,2021
4394,6100 CATS Operating,41 Charlotte Area Transit System,522200 Janitorial & Cleaning Supplies,1000,2021
4395,6100 CATS Operating,41 Charlotte Area Transit System,522200 Janitorial & Cleaning Supplies,700,2021
4578,6100 CATS Operating,41 Charlotte Area Transit System,522210 Specialty Departmental Supplie,20700,2021
4579,6100 CATS Operating,41 Charlotte Area Transit System,522210 Specialty Departmental Supplie,15000,2021
4580,6100 CATS Operating,41 Charlotte Area Transit System,522210 Specialty Departmental Supplie,12000,2021
4581,6100 CATS Operating,41 Charlotte Area Transit System,522210 Specialty Departmental Supplie,9300,2021
4582,6100 CATS Operating,41 Charlotte Area Transit System,522210 Specialty Departmental Supplie,2900,2021
4583,6100 CATS Operating,41 Charlotte Area Transit System,522210 Specialty Departmental Supplie,2800,2021
4584,6100 CATS Operating,41 Charlotte Area Transit System,522210 Specialty Departmental Supplie,2500,2021
4585,6100 CATS Operating,41 Charlotte Area Transit System,522210 Specialty Departmental Supplie,1500,2021
4586,6100 CATS Operating,41 Charlotte Area Transit System,522210 Specialty Departmental Supplie,1000,2021
4587,6100 CATS Operating,41 Charlotte Area Transit System,522210 Specialty Departmental Supplie,500,2021
4706,6100 CATS Operating,41 Charlotte Area Transit System,522220 Equipment Maintenance,6000000,2021
4707,6100 CATS Operating,41 Charlotte Area Transit System,522220 Equipment Maintenance,3076878,2021
4708,6100 CATS Operating,41 Charlotte Area Transit System,522220 Equipment Maintenance,571320,2021
4709,6100 CATS Operating,41 Charlotte Area Transit System,522220 Equipment Maintenance,560000,2021
4710,6100 CATS Operating,41 Charlotte Area Transit System,522220 Equipment Maintenance,327846,2021
4711,6100 CATS Operating,41 Charlotte Area Transit System,522220 Equipment Maintenance,160000,2021
4712,6100 CATS Operating,41 Charlotte Area Transit System,522220 Equipment Maintenance,115323,2021
4847,6100 CATS Operating,41 Charlotte Area Transit System,522230 Sm Tools & Expnd Eqpt,107000,2021
4848,6100 CATS Operating,41 Charlotte Area Transit System,522230 Sm Tools & Expnd Eqpt,20000,2021
4849,6100 CATS Operating,41 Charlotte Area Transit System,522230 Sm Tools & Expnd Eqpt,10000,2021
4850,6100 CATS Operating,41 Charlotte Area Transit System,522230 Sm Tools & Expnd Eqpt,8000,2021
4851,6100 CATS Operating,41 Charlotte Area Transit System,522230 Sm Tools & Expnd Eqpt,6432,2021
4852,6100 CATS Operating,41 Charlotte Area Transit System,522230 Sm Tools & Expnd Eqpt,5500,2021
4853,6100 CATS Operating,41 Charlotte Area Transit System,522230 Sm Tools & Expnd Eqpt,3100,2021
4854,6100 CATS Operating,41 Charlotte Area Transit System,522230 Sm Tools & Expnd Eqpt,2500,2021
4855,6100 CATS Operating,41 Charlotte Area Transit System,522230 Sm Tools & Expnd Eqpt,1623,2021
4856,6100 CATS Operating,41 Charlotte Area Transit System,522230 Sm Tools & Expnd Eqpt,1000,2021
4857,6100 CATS Operating,41 Charlotte Area Transit System,522230 Sm Tools & Expnd Eqpt,250,2021
4858,6100 CATS Operating,41 Charlotte Area Transit System,522230 Sm Tools & Expnd Eqpt,224,2021
4859,6100 CATS Operating,41 Charlotte Area Transit System,522230 Sm Tools & Expnd Eqpt,100,2021
5063,6100 CATS Operating,41 Charlotte Area Transit System,522240 Office Supplies,15000,2021
5064,6100 CATS Operating,41 Charlotte Area Transit System,522240 Office Supplies,15000,2021
5065,6100 CATS Operating,41 Charlotte Area Transit System,522240 Office Supplies,13000,2021
5066,6100 CATS Operating,41 Charlotte Area Transit System,522240 Office Supplies,11000,2021
5067,6100 CATS Operating,41 Charlotte Area Transit System,522240 Office Supplies,11000,2021
5068,6100 CATS Operating,41 Charlotte Area Transit System,522240 Office Supplies,6000,2021
5069,6100 CATS Operating,41 Charlotte Area Transit System,522240 Office Supplies,5000,2021
5070,6100 CATS Operating,41 Charlotte Area Transit System,522240 Office Supplies,4700,2021
5071,6100 CATS Operating,41 Charlotte Area Transit System,522240 Office Supplies,4050,2021
5072,6100 CATS Operating,41 Charlotte Area Transit System,522240 Office Supplies,4000,2021
5073,6100 CATS Operating,41 Charlotte Area Transit System,522240 Office Supplies,3200,2021
5074,6100 CATS Operating,41 Charlotte Area Transit System,522240 Office Supplies,2706,2021
5075,6100 CATS Operating,41 Charlotte Area Transit System,522240 Office Supplies,2453,2021
5076,6100 CATS Operating,41 Charlotte Area Transit System,522240 Office Supplies,1500,2021
5077,6100 CATS Operating,41 Charlotte Area Transit System,522240 Office Supplies,1000,2021
5078,6100 CATS Operating,41 Charlotte Area Transit System,522240 Office Supplies,1000,2021
5079,6100 CATS Operating,41 Charlotte Area Transit System,522240 Office Supplies,900,2021
5080,6100 CATS Operating,41 Charlotte Area Transit System,522240 Office Supplies,840,2021
5081,6100 CATS Operating,41 Charlotte Area Transit System,522240 Office Supplies,747,2021
5082,6100 CATS Operating,41 Charlotte Area Transit System,522240 Office Supplies,700,2021
5083,6100 CATS Operating,41 Charlotte Area Transit System,522240 Office Supplies,500,2021
5238,6100 CATS Operating,41 Charlotte Area Transit System,522250 Technology Services,187660,2021
5239,6100 CATS Operating,41 Charlotte Area Transit System,522250 Technology Services,33900,2021
5240,6100 CATS Operating,41 Charlotte Area Transit System,522250 Technology Services,15042,2021
5241,6100 CATS Operating,41 Charlotte Area Transit System,522250 Technology Services,12000,2021
5242,6100 CATS Operating,41 Charlotte Area Transit System,522250 Technology Services,7000,2021
5243,6100 CATS Operating,41 Charlotte Area Transit System,522250 Technology Services,5100,2021
5244,6100 CATS Operating,41 Charlotte Area Transit System,522250 Technology Services,4202,2021
5245,6100 CATS Operating,41 Charlotte Area Transit System,522250 Technology Services,4200,2021
5246,6100 CATS Operating,41 Charlotte Area Transit System,522250 Technology Services,4000,2021
5247,6100 CATS Operating,41 Charlotte Area Transit System,522250 Technology Services,2300,2021
5248,6100 CATS Operating,41 Charlotte Area Transit System,522250 Technology Services,1200,2021
5249,6100 CATS Operating,41 Charlotte Area Transit System,522250 Technology Services,1000,2021
5250,6100 CATS Operating,41 Charlotte Area Transit System,522250 Technology Services,1000,2021
5251,6100 CATS Operating,41 Charlotte Area Transit System,522250 Technology Services,710,2021
5252,6100 CATS Operating,41 Charlotte Area Transit System,522250 Technology Services,111,2021
5338,6100 CATS Operating,41 Charlotte Area Transit System,522270 Software Maintenance Support,93600,2021
5352,6100 CATS Operating,41 Charlotte Area Transit System,522490 Other Materials/Supplies,70000,2021
5353,6100 CATS Operating,41 Charlotte Area Transit System,522490 Other Materials/Supplies,40000,2021
5354,6100 CATS Operating,41 Charlotte Area Transit System,522490 Other Materials/Supplies,5100,2021
5355,6100 CATS Operating,41 Charlotte Area Transit System,522490 Other Materials/Supplies,5000,2021
5356,6100 CATS Operating,41 Charlotte Area Transit System,522490 Other Materials/Supplies,4000,2021
5357,6100 CATS Operating,41 Charlotte Area Transit System,522490 Other Materials/Supplies,2500,2021
5358,6100 CATS Operating,41 Charlotte Area Transit System,522490 Other Materials/Supplies,2000,2021
5359,6100 CATS Operating,41 Charlotte Area Transit System,522490 Other Materials/Supplies,2000,2021
5360,6100 CATS Operating,41 Charlotte Area Transit System,522490 Other Materials/Supplies,1000,2021
5361,6100 CATS Operating,41 Charlotte Area Transit System,522490 Other Materials/Supplies,700,2021
5362,6100 CATS Operating,41 Charlotte Area Transit System,522490 Other Materials/Supplies,500,2021
5363,6100 CATS Operating,41 Charlotte Area Transit System,522490 Other Materials/Supplies,400,2021
5480,6100 CATS Operating,41 Charlotte Area Transit System,522500 Telecommunications,185000,2021
5481,6100 CATS Operating,41 Charlotte Area Transit System,522500 Telecommunications,130000,2021
5482,6100 CATS Operating,41 Charlotte Area Transit System,522500 Telecommunications,116766,2021
5483,6100 CATS Operating,41 Charlotte Area Transit System,522500 Telecommunications,90000,2021
5484,6100 CATS Operating,41 Charlotte Area Transit System,522500 Telecommunications,65000,2021
5485,6100 CATS Operating,41 Charlotte Area Transit System,522500 Telecommunications,12000,2021
5486,6100 CATS Operating,41 Charlotte Area Transit System,522500 Telecommunications,11000,2021
5487,6100 CATS Operating,41 Charlotte Area Transit System,522500 Telecommunications,10000,2021
5488,6100 CATS Operating,41 Charlotte Area Transit System,522500 Telecommunications,7500,2021
5489,6100 CATS Operating,41 Charlotte Area Transit System,522500 Telecommunications,7000,2021
5490,6100 CATS Operating,41 Charlotte Area Transit System,522500 Telecommunications,7000,2021
5491,6100 CATS Operating,41 Charlotte Area Transit System,522500 Telecommunications,6791,2021
5492,6100 CATS Operating,41 Charlotte Area Transit System,522500 Telecommunications,6500,2021
5493,6100 CATS Operating,41 Charlotte Area Transit System,522500 Telecommunications,6200,2021
5494,6100 CATS Operating,41 Charlotte Area Transit System,522500 Telecommunications,6146,2021
5495,6100 CATS Operating,41 Charlotte Area Transit System,522500 Telecommunications,5800,2021
5496,6100 CATS Operating,41 Charlotte Area Transit System,522500 Telecommunications,4600,2021
5497,6100 CATS Operating,41 Charlotte Area Transit System,522500 Telecommunications,4500,2021
5498,6100 CATS Operating,41 Charlotte Area Transit System,522500 Telecommunications,4000,2021
5499,6100 CATS Operating,41 Charlotte Area Transit System,522500 Telecommunications,3514,2021
5500,6100 CATS Operating,41 Charlotte Area Transit System,522500 Telecommunications,3000,2021
5501,6100 CATS Operating,41 Charlotte Area Transit System,522500 Telecommunications,2627,2021
5634,6100 CATS Operating,41 Charlotte Area Transit System,522520 Utilities,1455629,2021
5635,6100 CATS Operating,41 Charlotte Area Transit System,522520 Utilities,1430504,2021
5636,6100 CATS Operating,41 Charlotte Area Transit System,522520 Utilities,25125,2021
5686,6100 CATS Operating,41 Charlotte Area Transit System,523000 ISP Insurance Premiums,2669459,2021
5687,6100 CATS Operating,41 Charlotte Area Transit System,523000 ISP Insurance Premiums,1144938,2021
5688,6100 CATS Operating,41 Charlotte Area Transit System,523000 ISP Insurance Premiums,239412,2021
5689,6100 CATS Operating,41 Charlotte Area Transit System,523000 ISP Insurance Premiums,58346,2021
5690,6100 CATS Operating,41 Charlotte Area Transit System,523000 ISP Insurance Premiums,38600,2021
5691,6100 CATS Operating,41 Charlotte Area Transit System,523000 ISP Insurance Premiums,34924,2021
5692,6100 CATS Operating,41 Charlotte Area Transit System,523000 ISP Insurance Premiums,33086,2021
5693,6100 CATS Operating,41 Charlotte Area Transit System,523000 ISP Insurance Premiums,33086,2021
5694,6100 CATS Operating,41 Charlotte Area Transit System,523000 ISP Insurance Premiums,29409,2021
5695,6100 CATS Operating,41 Charlotte Area Transit System,523000 ISP Insurance Premiums,27572,2021
5696,6100 CATS Operating,41 Charlotte Area Transit System,523000 ISP Insurance Premiums,25733,2021
5697,6100 CATS Operating,41 Charlotte Area Transit System,523000 ISP Insurance Premiums,22058,2021
5698,6100 CATS Operating,41 Charlotte Area Transit System,523000 ISP Insurance Premiums,20219,2021
5699,6100 CATS Operating,41 Charlotte Area Transit System,523000 ISP Insurance Premiums,12867,2021
5700,6100 CATS Operating,41 Charlotte Area Transit System,523000 ISP Insurance Premiums,7353,2021
5701,6100 CATS Operating,41 Charlotte Area Transit System,523000 ISP Insurance Premiums,7353,2021
5702,6100 CATS Operating,41 Charlotte Area Transit System,523000 ISP Insurance Premiums,3676,2021
5703,6100 CATS Operating,41 Charlotte Area Transit System,523000 ISP Insurance Premiums,2389,2021
5732,6100 CATS Operating,41 Charlotte Area Transit System,523010 ISP Insurance Administration,232709,2021
5733,6100 CATS Operating,41 Charlotte Area Transit System,523010 ISP Insurance Administration,22740,2021
5734,6100 CATS Operating,41 Charlotte Area Transit System,523010 ISP Insurance Administration,17459,2021
5735,6100 CATS Operating,41 Charlotte Area Transit System,523010 ISP Insurance Administration,13967,2021
5736,6100 CATS Operating,41 Charlotte Area Transit System,523010 ISP Insurance Administration,11174,2021
5737,6100 CATS Operating,41 Charlotte Area Transit System,523010 ISP Insurance Administration,3667,2021
5738,6100 CATS Operating,41 Charlotte Area Transit System,523010 ISP Insurance Administration,3320,2021
5739,6100 CATS Operating,41 Charlotte Area Transit System,523010 ISP Insurance Administration,3142,2021
5740,6100 CATS Operating,41 Charlotte Area Transit System,523010 ISP Insurance Administration,3142,2021
5741,6100 CATS Operating,41 Charlotte Area Transit System,523010 ISP Insurance Administration,3142,2021
5742,6100 CATS Operating,41 Charlotte Area Transit System,523010 ISP Insurance Administration,2794,2021
5743,6100 CATS Operating,41 Charlotte Area Transit System,523010 ISP Insurance Administration,2618,2021
5744,6100 CATS Operating,41 Charlotte Area Transit System,523010 ISP Insurance Administration,2444,2021
5745,6100 CATS Operating,41 Charlotte Area Transit System,523010 ISP Insurance Administration,2095,2021
5746,6100 CATS Operating,41 Charlotte Area Transit System,523010 ISP Insurance Administration,1920,2021
5747,6100 CATS Operating,41 Charlotte Area Transit System,523010 ISP Insurance Administration,1222,2021
5748,6100 CATS Operating,41 Charlotte Area Transit System,523010 ISP Insurance Administration,698,2021
5749,6100 CATS Operating,41 Charlotte Area Transit System,523010 ISP Insurance Administration,698,2021
5750,6100 CATS Operating,41 Charlotte Area Transit System,523010 ISP Insurance Administration,698,2021
5751,6100 CATS Operating,41 Charlotte Area Transit System,523010 ISP Insurance Administration,349,2021
5775,6100 CATS Operating,41 Charlotte Area Transit System,523020 Insurance Premiums,9800,2021
5778,6100 CATS Operating,41 Charlotte Area Transit System,523500 Licenses And Taxes,15500,2021
5779,6100 CATS Operating,41 Charlotte Area Transit System,523500 Licenses And Taxes,4000,2021
5780,6100 CATS Operating,41 Charlotte Area Transit System,523500 Licenses And Taxes,3200,2021
5815,6100 CATS Operating,41 Charlotte Area Transit System,523510 Highway Use Tax,20000,2021
5816,6100 CATS Operating,41 Charlotte Area Transit System,523510 Highway Use Tax,16000,2021
5817,6100 CATS Operating,41 Charlotte Area Transit System,523510 Highway Use Tax,15200,2021
5818,6100 CATS Operating,41 Charlotte Area Transit System,523510 Highway Use Tax,8000,2021
5819,6100 CATS Operating,41 Charlotte Area Transit System,523510 Highway Use Tax,20,2021
5849,6100 CATS Operating,41 Charlotte Area Transit System,523520 Fuel Taxes - Diesel,100,2021
5861,6100 CATS Operating,41 Charlotte Area Transit System,524000 Rental Of Land & Bldgs,47898,2021
5894,6100 CATS Operating,41 Charlotte Area Transit System,524010 ISP Rental of Land & Buildings,254207,2021
5937,6100 CATS Operating,41 Charlotte Area Transit System,524020 Rental Of Equipment,12000,2021
5938,6100 CATS Operating,41 Charlotte Area Transit System,524020 Rental Of Equipment,6800,2021
5939,6100 CATS Operating,41 Charlotte Area Transit System,524020 Rental Of Equipment,3200,2021
5940,6100 CATS Operating,41 Charlotte Area Transit System,524020 Rental Of Equipment,2121,2021
5941,6100 CATS Operating,41 Charlotte Area Transit System,524020 Rental Of Equipment,2000,2021
5942,6100 CATS Operating,41 Charlotte Area Transit System,524020 Rental Of Equipment,136,2021
6070,6100 CATS Operating,41 Charlotte Area Transit System,529000 Travel & Meetings,66900,2021
6071,6100 CATS Operating,41 Charlotte Area Transit System,529000 Travel & Meetings,62000,2021
6072,6100 CATS Operating,41 Charlotte Area Transit System,529000 Travel & Meetings,52900,2021
6073,6100 CATS Operating,41 Charlotte Area Transit System,529000 Travel & Meetings,17000,2021
6074,6100 CATS Operating,41 Charlotte Area Transit System,529000 Travel & Meetings,15200,2021
6075,6100 CATS Operating,41 Charlotte Area Transit System,529000 Travel & Meetings,15000,2021
6076,6100 CATS Operating,41 Charlotte Area Transit System,529000 Travel & Meetings,14200,2021
6077,6100 CATS Operating,41 Charlotte Area Transit System,529000 Travel & Meetings,10000,2021
6078,6100 CATS Operating,41 Charlotte Area Transit System,529000 Travel & Meetings,9751,2021
6079,6100 CATS Operating,41 Charlotte Area Transit System,529000 Travel & Meetings,9000,2021
6080,6100 CATS Operating,41 Charlotte Area Transit System,529000 Travel & Meetings,8657,2021
6081,6100 CATS Operating,41 Charlotte Area Transit System,529000 Travel & Meetings,8500,2021
6082,6100 CATS Operating,41 Charlotte Area Transit System,529000 Travel & Meetings,8200,2021
6083,6100 CATS Operating,41 Charlotte Area Transit System,529000 Travel & Meetings,7725,2021
6084,6100 CATS Operating,41 Charlotte Area Transit System,529000 Travel & Meetings,6724,2021
6085,6100 CATS Operating,41 Charlotte Area Transit System,529000 Travel & Meetings,6200,2021
6086,6100 CATS Operating,41 Charlotte Area Transit System,529000 Travel & Meetings,6180,2021
6087,6100 CATS Operating,41 Charlotte Area Transit System,529000 Travel & Meetings,6000,2021
6088,6100 CATS Operating,41 Charlotte Area Transit System,529000 Travel & Meetings,3500,2021
6089,6100 CATS Operating,41 Charlotte Area Transit System,529000 Travel & Meetings,2800,2021
6090,6100 CATS Operating,41 Charlotte Area Transit System,529000 Travel & Meetings,2100,2021
6091,6100 CATS Operating,41 Charlotte Area Transit System,529000 Travel & Meetings,1250,2021
6213,6100 CATS Operating,41 Charlotte Area Transit System,529010 Empl Reimb Training Exp,3400,2021
6214,6100 CATS Operating,41 Charlotte Area Transit System,529010 Empl Reimb Training Exp,3060,2021
6215,6100 CATS Operating,41 Charlotte Area Transit System,529010 Empl Reimb Training Exp,2597,2021
6216,6100 CATS Operating,41 Charlotte Area Transit System,529010 Empl Reimb Training Exp,1500,2021
6217,6100 CATS Operating,41 Charlotte Area Transit System,529010 Empl Reimb Training Exp,1391,2021
6218,6100 CATS Operating,41 Charlotte Area Transit System,529010 Empl Reimb Training Exp,1000,2021
6219,6100 CATS Operating,41 Charlotte Area Transit System,529010 Empl Reimb Training Exp,100,2021
6220,6100 CATS Operating,41 Charlotte Area Transit System,529010 Empl Reimb Training Exp,100,2021
6331,6100 CATS Operating,41 Charlotte Area Transit System,529020 Training Conf & Meetings,104309,2021
6332,6100 CATS Operating,41 Charlotte Area Transit System,529020 Training Conf & Meetings,24068,2021
6333,6100 CATS Operating,41 Charlotte Area Transit System,529020 Training Conf & Meetings,23729,2021
6334,6100 CATS Operating,41 Charlotte Area Transit System,529020 Training Conf & Meetings,23700,2021
6335,6100 CATS Operating,41 Charlotte Area Transit System,529020 Training Conf & Meetings,15050,2021
6336,6100 CATS Operating,41 Charlotte Area Transit System,529020 Training Conf & Meetings,12000,2021
6337,6100 CATS Operating,41 Charlotte Area Transit System,529020 Training Conf & Meetings,12000,2021
6338,6100 CATS Operating,41 Charlotte Area Transit System,529020 Training Conf & Meetings,10000,2021
6339,6100 CATS Operating,41 Charlotte Area Transit System,529020 Training Conf & Meetings,8200,2021
6340,6100 CATS Operating,41 Charlotte Area Transit System,529020 Training Conf & Meetings,5000,2021
6341,6100 CATS Operating,41 Charlotte Area Transit System,529020 Training Conf & Meetings,5000,2021
6342,6100 CATS Operating,41 Charlotte Area Transit System,529020 Training Conf & Meetings,4100,2021
6343,6100 CATS Operating,41 Charlotte Area Transit System,529020 Training Conf & Meetings,4000,2021
6344,6100 CATS Operating,41 Charlotte Area Transit System,529020 Training Conf & Meetings,3800,2021
6345,6100 CATS Operating,41 Charlotte Area Transit System,529020 Training Conf & Meetings,3000,2021
6346,6100 CATS Operating,41 Charlotte Area Transit System,529020 Training Conf & Meetings,2700,2021
6347,6100 CATS Operating,41 Charlotte Area Transit System,529020 Training Conf & Meetings,2200,2021
6348,6100 CATS Operating,41 Charlotte Area Transit System,529020 Training Conf & Meetings,2000,2021
6349,6100 CATS Operating,41 Charlotte Area Transit System,529020 Training Conf & Meetings,1545,2021
6350,6100 CATS Operating,41 Charlotte Area Transit System,529020 Training Conf & Meetings,1500,2021
6351,6100 CATS Operating,41 Charlotte Area Transit System,529020 Training Conf & Meetings,625,2021
6471,6100 CATS Operating,41 Charlotte Area Transit System,529030 Postage,20000,2021
6472,6100 CATS Operating,41 Charlotte Area Transit System,529030 Postage,6400,2021
6473,6100 CATS Operating,41 Charlotte Area Transit System,529030 Postage,6000,2021
6474,6100 CATS Operating,41 Charlotte Area Transit System,529030 Postage,5609,2021
6475,6100 CATS Operating,41 Charlotte Area Transit System,529030 Postage,4500,2021
6476,6100 CATS Operating,41 Charlotte Area Transit System,529030 Postage,2400,2021
6477,6100 CATS Operating,41 Charlotte Area Transit System,529030 Postage,500,2021
6478,6100 CATS Operating,41 Charlotte Area Transit System,529030 Postage,420,2021
6479,6100 CATS Operating,41 Charlotte Area Transit System,529030 Postage,400,2021
6480,6100 CATS Operating,41 Charlotte Area Transit System,529030 Postage,400,2021
6481,6100 CATS Operating,41 Charlotte Area Transit System,529030 Postage,340,2021
6482,6100 CATS Operating,41 Charlotte Area Transit System,529030 Postage,325,2021
6483,6100 CATS Operating,41 Charlotte Area Transit System,529030 Postage,300,2021
6484,6100 CATS Operating,41 Charlotte Area Transit System,529030 Postage,160,2021
6485,6100 CATS Operating,41 Charlotte Area Transit System,529030 Postage,111,2021
6486,6100 CATS Operating,41 Charlotte Area Transit System,529030 Postage,108,2021
6487,6100 CATS Operating,41 Charlotte Area Transit System,529030 Postage,106,2021
6488,6100 CATS Operating,41 Charlotte Area Transit System,529030 Postage,53,2021
6489,6100 CATS Operating,41 Charlotte Area Transit System,529030 Postage,50,2021
6490,6100 CATS Operating,41 Charlotte Area Transit System,529030 Postage,50,2021
6682,6100 CATS Operating,41 Charlotte Area Transit System,529040 Printing & Publishing,389425,2021
6683,6100 CATS Operating,41 Charlotte Area Transit System,529040 Printing & Publishing,145000,2021
6684,6100 CATS Operating,41 Charlotte Area Transit System,529040 Printing & Publishing,50000,2021
6685,6100 CATS Operating,41 Charlotte Area Transit System,529040 Printing & Publishing,50000,2021
6686,6100 CATS Operating,41 Charlotte Area Transit System,529040 Printing & Publishing,30000,2021
6687,6100 CATS Operating,41 Charlotte Area Transit System,529040 Printing & Publishing,29000,2021
6688,6100 CATS Operating,41 Charlotte Area Transit System,529040 Printing & Publishing,23850,2021
6689,6100 CATS Operating,41 Charlotte Area Transit System,529040 Printing & Publishing,14000,2021
6690,6100 CATS Operating,41 Charlotte Area Transit System,529040 Printing & Publishing,12500,2021
6691,6100 CATS Operating,41 Charlotte Area Transit System,529040 Printing & Publishing,8000,2021
6692,6100 CATS Operating,41 Charlotte Area Transit System,529040 Printing & Publishing,6000,2021
6693,6100 CATS Operating,41 Charlotte Area Transit System,529040 Printing & Publishing,5300,2021
6694,6100 CATS Operating,41 Charlotte Area Transit System,529040 Printing & Publishing,4000,2021
6695,6100 CATS Operating,41 Charlotte Area Transit System,529040 Printing & Publishing,3500,2021
6696,6100 CATS Operating,41 Charlotte Area Transit System,529040 Printing & Publishing,3500,2021
6697,6100 CATS Operating,41 Charlotte Area Transit System,529040 Printing & Publishing,2350,2021
6698,6100 CATS Operating,41 Charlotte Area Transit System,529040 Printing & Publishing,1623,2021
6699,6100 CATS Operating,41 Charlotte Area Transit System,529040 Printing & Publishing,1500,2021
6700,6100 CATS Operating,41 Charlotte Area Transit System,529040 Printing & Publishing,1000,2021
6701,6100 CATS Operating,41 Charlotte Area Transit System,529040 Printing & Publishing,900,2021
6702,6100 CATS Operating,41 Charlotte Area Transit System,529040 Printing & Publishing,700,2021
6703,6100 CATS Operating,41 Charlotte Area Transit System,529040 Printing & Publishing,557,2021
6704,6100 CATS Operating,41 Charlotte Area Transit System,529040 Printing & Publishing,530,2021
6705,6100 CATS Operating,41 Charlotte Area Transit System,529040 Printing & Publishing,500,2021
6948,6100 CATS Operating,41 Charlotte Area Transit System,"529050 Dues,Subscr, & Prof Lic",150000,2021
6949,6100 CATS Operating,41 Charlotte Area Transit System,"529050 Dues,Subscr, & Prof Lic",40000,2021
6950,6100 CATS Operating,41 Charlotte Area Transit System,"529050 Dues,Subscr, & Prof Lic",8377,2021
6951,6100 CATS Operating,41 Charlotte Area Transit System,"529050 Dues,Subscr, & Prof Lic",4600,2021
6952,6100 CATS Operating,41 Charlotte Area Transit System,"529050 Dues,Subscr, & Prof Lic",4000,2021
6953,6100 CATS Operating,41 Charlotte Area Transit System,"529050 Dues,Subscr, & Prof Lic",2150,2021
6954,6100 CATS Operating,41 Charlotte Area Transit System,"529050 Dues,Subscr, & Prof Lic",2130,2021
6955,6100 CATS Operating,41 Charlotte Area Transit System,"529050 Dues,Subscr, & Prof Lic",2100,2021
6956,6100 CATS Operating,41 Charlotte Area Transit System,"529050 Dues,Subscr, & Prof Lic",2000,2021
6957,6100 CATS Operating,41 Charlotte Area Transit System,"529050 Dues,Subscr, & Prof Lic",2000,2021
6958,6100 CATS Operating,41 Charlotte Area Transit System,"529050 Dues,Subscr, & Prof Lic",1480,2021
6959,6100 CATS Operating,41 Charlotte Area Transit System,"529050 Dues,Subscr, & Prof Lic",1000,2021
6960,6100 CATS Operating,41 Charlotte Area Transit System,"529050 Dues,Subscr, & Prof Lic",812,2021
6961,6100 CATS Operating,41 Charlotte Area Transit System,"529050 Dues,Subscr, & Prof Lic",600,2021
6962,6100 CATS Operating,41 Charlotte Area Transit System,"529050 Dues,Subscr, & Prof Lic",500,2021
6963,6100 CATS Operating,41 Charlotte Area Transit System,"529050 Dues,Subscr, & Prof Lic",250,2021
6964,6100 CATS Operating,41 Charlotte Area Transit System,"529050 Dues,Subscr, & Prof Lic",150,2021
7073,6100 CATS Operating,41 Charlotte Area Transit System,529060 Wrecker Service Rental,15000,2021
7118,6120 CATS Debt Service,41 Charlotte Area Transit System,540120 Lease/Purch Agr-Principal,39455194,2021
7126,6120 CATS Debt Service,41 Charlotte Area Transit System,540130 Lease/Purch Agr-Interest,11293120,2021
7139,6120 CATS Debt Service,41 Charlotte Area Transit System,540140 Other Debt Srvc Chrgs,114000,2021
7183,6101 CATS Sales Tax Consolidation,41 Charlotte Area Transit System,550100 Fund Transfers,88225411,2021
7184,6121 CATS DS: Revenue Reserve,41 Charlotte Area Transit System,550100 Fund Transfers,28467162,2021
7185,6101 CATS Sales Tax Consolidation,41 Charlotte Area Transit System,550100 Fund Transfers,16975589,2021
7186,6101 CATS Sales Tax Consolidation,41 Charlotte Area Transit System,550100 Fund Transfers,779101,2021
7198,6100 CATS Operating,41 Charlotte Area Transit System,560200 Indirect Costs,6638522,2021
